what,kind,bundleId,bundleVersion,description,time
executed,command,org.eclipse.ui,3.103.0.v20120521-2329,"org.eclipse.ui.edit.cut",1353184064562
executed,command,org.eclipse.ui,3.103.0.v20120521-2329,"org.eclipse.ui.edit.undo",1353184066217
executed,command,org.eclipse.ui.workbench.texteditor,3.8.0.v20120523-1310,"org.eclipse.ui.edit.text.select.lineStart",1353184073607
executed,command,org.eclipse.ui,3.103.0.v20120521-2329,"org.eclipse.ui.edit.cut",1353184074692
executed,command,org.eclipse.ui.workbench.texteditor,3.8.0.v20120523-1310,"org.eclipse.ui.edit.text.goto.lineEnd",1353184076449
executed,command,org.eclipse.ui,3.103.0.v20120521-2329,"org.eclipse.ui.edit.paste",1353184077447
executed,command,org.eclipse.ui,3.103.0.v20120521-2329,"org.eclipse.ui.edit.cut",1353184080046
executed,command,org.eclipse.ui,3.103.0.v20120521-2329,"org.eclipse.ui.edit.paste",1353184081735
executed,command,org.eclipse.ui,3.103.0.v20120521-2329,"org.eclipse.ui.file.save",1353184095380
deactivated,workbench,org.eclipse.ui.workbench,3.103.0.v20120530-1824,"",1353184104052
activated,workbench,org.eclipse.ui.workbench,3.103.0.v20120530-1824,"",1353184114044
executed,command,org.eclipse.ui,3.103.0.v20120521-2329,"org.eclipse.ui.edit.undo",1353184116322
executed,command,org.eclipse.ui.workbench.texteditor,3.8.0.v20120523-1310,"org.eclipse.ui.edit.text.goto.lineEnd",1353184117887
executed,command,org.eclipse.ui.workbench.texteditor,3.8.0.v20120523-1310,"org.eclipse.ui.edit.text.select.lineStart",1353184118449
executed,command,org.eclipse.ui,3.103.0.v20120521-2329,"org.eclipse.ui.edit.cut",1353184119620
executed,command,org.eclipse.ui.workbench.texteditor,3.8.0.v20120523-1310,"org.eclipse.ui.edit.text.goto.textStart",1353184120172
executed,command,org.eclipse.ui.workbench.texteditor,3.8.0.v20120523-1310,"org.eclipse.ui.edit.text.goto.textStart",1353184120338
executed,command,org.eclipse.ui,3.103.0.v20120521-2329,"org.eclipse.ui.edit.paste",1353184125826
executed,command,org.eclipse.ui,3.103.0.v20120521-2329,"org.eclipse.ui.file.save",1353184128432
executed,command,org.eclipse.ui.workbench.texteditor,3.8.0.v20120523-1310,"org.eclipse.ui.edit.text.goto.textEnd",1353184129670
deactivated,workbench,org.eclipse.ui.workbench,3.103.0.v20120530-1824,"",1353184132273
activated,workbench,org.eclipse.ui.workbench,3.103.0.v20120530-1824,"",1353184141677
executed,command,org.eclipse.ui.workbench.texteditor,3.8.0.v20120523-1310,"org.eclipse.ui.edit.text.select.lineStart",1353184147469
executed,command,org.eclipse.ui,3.103.0.v20120521-2329,"org.eclipse.ui.edit.cut",1353184148622
executed,command,org.eclipse.ui,3.103.0.v20120521-2329,"org.eclipse.ui.edit.delete",1353184153218
executed,command,org.eclipse.ui.workbench.texteditor,3.8.0.v20120523-1310,"org.eclipse.ui.edit.text.goto.textStart",1353184155571
executed,command,org.eclipse.ui,3.103.0.v20120521-2329,"org.eclipse.ui.edit.paste",1353184160022
executed,command,org.eclipse.ui,3.103.0.v20120521-2329,"org.eclipse.ui.file.save",1353184161447
deactivated,workbench,org.eclipse.ui.workbench,3.103.0.v20120530-1824,"",1353184163567
activated,workbench,org.eclipse.ui.workbench,3.103.0.v20120530-1824,"",1353184171743
executed,command,org.eclipse.ui,3.103.0.v20120521-2329,"org.eclipse.ui.edit.undo",1353184187607
executed,command,org.eclipse.ui,3.103.0.v20120521-2329,"org.eclipse.ui.edit.undo",1353184188102
executed,command,org.eclipse.ui,3.103.0.v20120521-2329,"org.eclipse.ui.edit.undo",1353184188626
executed,command,org.eclipse.ui,3.103.0.v20120521-2329,"org.eclipse.ui.edit.undo",1353184190269
executed,command,org.eclipse.ui,3.103.0.v20120521-2329,"org.eclipse.ui.edit.undo",1353184190724
executed,command,org.eclipse.ui,3.103.0.v20120521-2329,"org.eclipse.ui.edit.undo",1353184191199
executed,command,org.eclipse.ui,3.103.0.v20120521-2329,"org.eclipse.ui.edit.undo",1353184191882
executed,command,org.eclipse.ui,3.103.0.v20120521-2329,"org.eclipse.ui.edit.undo",1353184192408
executed,command,org.eclipse.ui,3.103.0.v20120521-2329,"org.eclipse.ui.edit.undo",1353184193213
executed,command,org.eclipse.ui,3.103.0.v20120521-2329,"org.eclipse.ui.edit.undo",1353184193627
executed,command,org.eclipse.ui.workbench.texteditor,3.8.0.v20120523-1310,"org.eclipse.ui.edit.text.select.lineStart",1353184201555
executed,command,org.eclipse.ui,3.103.0.v20120521-2329,"org.eclipse.ui.edit.cut",1353184202421
executed,command,org.eclipse.ui,3.103.0.v20120521-2329,"org.eclipse.ui.edit.paste",1353184203998
executed,command,org.eclipse.ui,3.103.0.v20120521-2329,"org.eclipse.ui.edit.undo",1353184215779
executed,command,org.eclipse.ui,3.103.0.v20120521-2329,"org.eclipse.ui.edit.undo",1353184216145
executed,command,org.eclipse.ui,3.103.0.v20120521-2329,"org.eclipse.ui.edit.undo",1353184216741
executed,command,org.eclipse.ui,3.103.0.v20120521-2329,"org.eclipse.ui.edit.undo",1353184217111
executed,command,org.eclipse.ui,3.103.0.v20120521-2329,"org.eclipse.ui.edit.undo",1353184217376
executed,command,org.eclipse.ui,3.103.0.v20120521-2329,"org.eclipse.ui.edit.undo",1353184218658
executed,command,org.eclipse.ui,3.103.0.v20120521-2329,"org.eclipse.ui.edit.undo",1353184225849
executed,command,org.eclipse.ui,3.103.0.v20120521-2329,"org.eclipse.ui.edit.undo",1353184232781
executed,command,org.eclipse.ui,3.103.0.v20120521-2329,"org.eclipse.ui.edit.undo",1353184233440
executed,command,org.eclipse.ui,3.103.0.v20120521-2329,"org.eclipse.ui.edit.undo",1353184235455
executed,command,org.eclipse.ui,3.103.0.v20120521-2329,"org.eclipse.ui.edit.undo",1353184235928
executed,command,org.eclipse.ui.workbench.texteditor,3.8.0.v20120523-1310,"org.eclipse.ui.edit.text.goto.lineEnd",1353184239688
executed,command,org.eclipse.ui.workbench.texteditor,3.8.0.v20120523-1310,"org.eclipse.ui.edit.text.select.lineStart",1353184240879
executed,command,org.eclipse.ui.workbench.texteditor,3.8.0.v20120523-1310,"org.eclipse.ui.edit.text.goto.lineEnd",1353184242009
executed,command,org.eclipse.ui.workbench.texteditor,3.8.0.v20120523-1310,"org.eclipse.ui.edit.text.select.wordPrevious",1353184243018
executed,command,org.eclipse.ui.workbench.texteditor,3.8.0.v20120523-1310,"org.eclipse.ui.edit.text.select.wordPrevious",1353184243242
executed,command,org.eclipse.ui.workbench.texteditor,3.8.0.v20120523-1310,"org.eclipse.ui.edit.text.select.wordPrevious",1353184243477
executed,command,org.eclipse.ui.workbench.texteditor,3.8.0.v20120523-1310,"org.eclipse.ui.edit.text.select.wordNext",1353184244355
opened,editor,org.eclipse.jdt.ui,3.8.0.v20120524-1551,"org.eclipse.jdt.ui.CompilationUnitEditor",1353184256383
activated,editor,org.eclipse.jdt.ui,3.8.0.v20120524-1551,"org.eclipse.jdt.ui.CompilationUnitEditor",1353184256511
activated,editor,org.eclipse.jdt.ui,3.8.0.v20120524-1551,"org.eclipse.jdt.ui.CompilationUnitEditor",1353184276780
activated,editor,org.eclipse.jdt.ui,3.8.0.v20120524-1551,"org.eclipse.jdt.ui.CompilationUnitEditor",1353184311800
executed,command,org.eclipse.ui.workbench.texteditor,3.8.0.v20120523-1310,"org.eclipse.ui.edit.text.goto.lineEnd",1353184319215
activated,editor,org.eclipse.jdt.ui,3.8.0.v20120524-1551,"org.eclipse.jdt.ui.CompilationUnitEditor",1353184322887
started,bundle,org.eclipse.pde.api.tools,1.0.400.v20120523-2012,"org.eclipse.pde.api.tools",1353184330927
started,bundle,org.eclipse.pde.api.tools.ui,1.0.400.v20120523-2012,"org.eclipse.pde.api.tools.ui",1353184330930
started,bundle,org.eclipse.mylyn.java.ui,3.8.0.v20120612-0600,"org.eclipse.mylyn.java.ui",1353184330940
opened,editor,org.eclipse.jdt.ui,3.8.0.v20120524-1551,"org.eclipse.jdt.ui.CompilationUnitEditor",1353184338726
activated,editor,org.eclipse.jdt.ui,3.8.0.v20120524-1551,"org.eclipse.jdt.ui.CompilationUnitEditor",1353184338827
activated,editor,org.eclipse.jdt.ui,3.8.0.v20120524-1551,"org.eclipse.jdt.ui.CompilationUnitEditor",1353184344913
activated,editor,org.eclipse.jdt.ui,3.8.0.v20120524-1551,"org.eclipse.jdt.ui.CompilationUnitEditor",1353184363014
deactivated,workbench,org.eclipse.ui.workbench,3.103.0.v20120530-1824,"",1353184380685
activated,perspective,org.eclipse.jdt.ui,,"org.eclipse.jdt.ui.JavaPerspective",1353185239519
started,bundle,org.eclipse.osgi,3.8.0.v20120529-1548,"org.eclipse.osgi",1353185239519
started,bundle,org.eclipse.equinox.simpleconfigurator,1.0.300.v20110815-1744,"org.eclipse.equinox.simpleconfigurator",1353185239519
started,bundle,com.ibm.icu,4.4.2.v20110823,"com.ibm.icu",1353185239519
started,bundle,org.apache.felix.gogo.command,0.8.0.v201108120515,"org.apache.felix.gogo.command",1353185239519
started,bundle,org.apache.felix.gogo.runtime,0.8.0.v201108120515,"org.apache.felix.gogo.runtime",1353185239519
started,bundle,org.apache.felix.gogo.shell,0.8.0.v201110170705,"org.apache.felix.gogo.shell",1353185239519
started,bundle,org.eclipse.compare.core,3.5.200.v20120522-1148,"org.eclipse.compare.core",1353185239519
started,bundle,org.eclipse.core.contenttype,3.4.200.v20120523-2004,"org.eclipse.core.contenttype",1353185239519
started,bundle,org.eclipse.core.databinding.observable,1.4.1.v20120521-2329,"org.eclipse.core.databinding.observable",1353185239519
started,bundle,org.eclipse.core.expressions,3.4.400.v20120523-2004,"org.eclipse.core.expressions",1353185239519
started,bundle,org.eclipse.core.filebuffers,3.5.200.v20120523-1310,"org.eclipse.core.filebuffers",1353185239535
started,bundle,org.eclipse.core.filesystem,1.3.200.v20120522-2012,"org.eclipse.core.filesystem",1353185239535
started,bundle,org.eclipse.core.jobs,3.5.200.v20120521-2346,"org.eclipse.core.jobs",1353185239535
started,bundle,org.eclipse.core.net,1.2.200.v20120522-1148,"org.eclipse.core.net",1353185239535
started,bundle,org.eclipse.core.resources,3.8.0.v20120522-2034,"org.eclipse.core.resources",1353185239535
started,bundle,org.eclipse.core.runtime,3.8.0.v20120521-2346,"org.eclipse.core.runtime",1353185239535
started,bundle,org.eclipse.core.runtime.compatibility,3.2.200.v20120521-2346,"org.eclipse.core.runtime.compatibility",1353185239535
started,bundle,org.eclipse.core.variables,3.2.600.v20120521-2012,"org.eclipse.core.variables",1353185239566
started,bundle,org.eclipse.debug.core,3.7.100.v20120521-2012,"org.eclipse.debug.core",1353185239582
started,bundle,org.eclipse.e4.core.commands,0.10.1.v20120523-1955,"org.eclipse.e4.core.commands",1353185239582
started,bundle,org.eclipse.e4.core.contexts,1.1.0.v20120523-2004,"org.eclipse.e4.core.contexts",1353185239582
started,bundle,org.eclipse.e4.core.di,1.1.0.v20120521-2346,"org.eclipse.e4.core.di",1353185239582
started,bundle,org.eclipse.e4.core.di.extensions,0.11.0.v20120523-2004,"org.eclipse.e4.core.di.extensions",1353185239613
started,bundle,org.eclipse.e4.core.services,1.0.0.v20120521-2346,"org.eclipse.e4.core.services",1353185239613
started,bundle,org.eclipse.e4.ui.bindings,0.10.1.v20120523-1955,"org.eclipse.e4.ui.bindings",1353185239613
started,bundle,org.eclipse.e4.ui.css.swt,0.10.1.v20120523-1955,"org.eclipse.e4.ui.css.swt",1353185239613
started,bundle,org.eclipse.e4.ui.css.swt.theme,0.9.2.v20120523-1955,"org.eclipse.e4.ui.css.swt.theme",1353185239613
started,bundle,org.eclipse.e4.ui.di,0.10.1.v20120523-1955,"org.eclipse.e4.ui.di",1353185239613
started,bundle,org.eclipse.e4.ui.model.workbench,0.10.1.v20120523-1955,"org.eclipse.e4.ui.model.workbench",1353185239613
started,bundle,org.eclipse.e4.ui.services,0.10.1.v20120523-1955,"org.eclipse.e4.ui.services",1353185239613
started,bundle,org.eclipse.e4.ui.workbench,0.10.2.v20120531-1742,"org.eclipse.e4.ui.workbench",1353185239613
started,bundle,org.eclipse.e4.ui.workbench.addons.swt,0.10.1.v20120523-1955,"org.eclipse.e4.ui.workbench.addons.swt",1353185239629
started,bundle,org.eclipse.e4.ui.workbench.renderers.swt,0.10.1.v20120523-1955,"org.eclipse.e4.ui.workbench.renderers.swt",1353185239629
started,bundle,org.eclipse.e4.ui.workbench.swt,0.10.1.v20120525-2014,"org.eclipse.e4.ui.workbench.swt",1353185239629
started,bundle,org.eclipse.emf.common,2.8.0.v20120606-0717,"org.eclipse.emf.common",1353185239629
started,bundle,org.eclipse.emf.ecore,2.8.0.v20120606-0717,"org.eclipse.emf.ecore",1353185239644
started,bundle,org.eclipse.emf.ecore.xmi,2.8.0.v20120606-0717,"org.eclipse.emf.ecore.xmi",1353185239644
started,bundle,org.eclipse.equinox.app,1.3.100.v20120522-1841,"org.eclipse.equinox.app",1353185239644
started,bundle,org.eclipse.equinox.common,3.6.100.v20120522-1841,"org.eclipse.equinox.common",1353185239644
started,bundle,org.eclipse.equinox.console,1.0.0.v20120522-1841,"org.eclipse.equinox.console",1353185239644
started,bundle,org.eclipse.equinox.ds,1.4.0.v20120522-1841,"org.eclipse.equinox.ds",1353185239660
started,bundle,org.eclipse.equinox.event,1.2.200.v20120522-2049,"org.eclipse.equinox.event",1353185239660
started,bundle,org.eclipse.equinox.p2.core,2.2.0.v20120430-0525,"org.eclipse.equinox.p2.core",1353185239660
started,bundle,org.eclipse.equinox.p2.directorywatcher,1.0.300.v20110808-1657,"org.eclipse.equinox.p2.directorywatcher",1353185239660
started,bundle,org.eclipse.equinox.p2.engine,2.2.0.v20120501-1502,"org.eclipse.equinox.p2.engine",1353185239660
started,bundle,org.eclipse.equinox.p2.metadata,2.1.0.v20120430-2001,"org.eclipse.equinox.p2.metadata",1353185239660
started,bundle,org.eclipse.equinox.p2.metadata.repository,1.2.100.v20120524-1717,"org.eclipse.equinox.p2.metadata.repository",1353185239660
started,bundle,org.eclipse.equinox.p2.operations,2.2.0.v20120524-0542,"org.eclipse.equinox.p2.operations",1353185239660
started,bundle,org.eclipse.equinox.p2.reconciler.dropins,1.1.200.v20120301-2145,"org.eclipse.equinox.p2.reconciler.dropins",1353185239660
started,bundle,org.eclipse.equinox.p2.repository,2.2.0.v20120524-1945,"org.eclipse.equinox.p2.repository",1353185239660
started,bundle,org.eclipse.equinox.p2.ui.sdk.scheduler,1.1.0.v20110815-1744,"org.eclipse.equinox.p2.ui.sdk.scheduler",1353185239660
started,bundle,org.eclipse.equinox.p2.updatechecker,1.1.200.v20110808-1657,"org.eclipse.equinox.p2.updatechecker",1353185239660
started,bundle,org.eclipse.equinox.preferences,3.5.0.v20120522-1841,"org.eclipse.equinox.preferences",1353185239660
started,bundle,org.eclipse.equinox.registry,3.5.200.v20120522-1841,"org.eclipse.equinox.registry",1353185239660
started,bundle,org.eclipse.equinox.security,1.1.100.v20120522-1841,"org.eclipse.equinox.security",1353185239691
started,bundle,org.eclipse.equinox.util,1.0.400.v20120522-2049,"org.eclipse.equinox.util",1353185239691
started,bundle,org.eclipse.help,3.6.0.v20120521-2344,"org.eclipse.help",1353185239707
started,bundle,org.eclipse.jdt.apt.core,3.3.500.v20120522-1651,"org.eclipse.jdt.apt.core",1353185239723
started,bundle,org.eclipse.jdt.apt.pluggable.core,1.0.400.v20120522-1651,"org.eclipse.jdt.apt.pluggable.core",1353185239738
started,bundle,org.eclipse.jdt.core,3.8.1.v20120531-0637,"org.eclipse.jdt.core",1353185239769
started,bundle,org.eclipse.jdt.core.manipulation,1.5.0.v20120523-1543,"org.eclipse.jdt.core.manipulation",1353185239785
started,bundle,org.eclipse.jdt.junit,3.7.100.v20120523-1543,"org.eclipse.jdt.junit",1353185239801
started,bundle,org.eclipse.jdt.launching,3.6.100.v20120523-1953,"org.eclipse.jdt.launching",1353185239816
started,bundle,org.eclipse.jdt.ui,3.8.0.v20120524-1551,"org.eclipse.jdt.ui",1353185239816
started,bundle,org.eclipse.jface,3.8.0.v20120521-2329,"org.eclipse.jface",1353185239816
started,bundle,org.eclipse.jsch.core,1.1.400.v20120522-1148,"org.eclipse.jsch.core",1353185239832
started,bundle,org.eclipse.ltk.core.refactoring,3.6.0.v20120523-1543,"org.eclipse.ltk.core.refactoring",1353185239848
started,bundle,org.eclipse.ltk.ui.refactoring,3.7.0.v20120523-1543,"org.eclipse.ltk.ui.refactoring",1353185239848
started,bundle,org.eclipse.pde.launching,3.6.100.v20120605-203027,"org.eclipse.pde.launching",1353185239879
started,bundle,org.eclipse.pde.ui,3.7.0.v20120605-203027,"org.eclipse.pde.ui",1353185239894
started,bundle,org.eclipse.search,3.8.0.v20120523-1540,"org.eclipse.search",1353185239941
started,bundle,org.eclipse.team.core,3.6.100.v20120524-0627,"org.eclipse.team.core",1353185239941
started,bundle,org.eclipse.team.cvs.core,3.3.500.v20120522-1148,"org.eclipse.team.cvs.core",1353185239941
started,bundle,org.eclipse.team.cvs.ui,3.3.500.v20120522-1148,"org.eclipse.team.cvs.ui",1353185239941
started,bundle,org.eclipse.team.ui,3.6.200.v20120522-1148,"org.eclipse.team.ui",1353185239957
started,bundle,org.eclipse.ui,3.103.0.v20120521-2329,"org.eclipse.ui",1353185240004
started,bundle,org.eclipse.ui.console,3.5.100.v20120521-2012,"org.eclipse.ui.console",1353185240019
started,bundle,org.eclipse.ui.editors,3.8.0.v20120523-1540,"org.eclipse.ui.editors",1353185240019
started,bundle,org.eclipse.ui.forms,3.5.200.v20120521-2329,"org.eclipse.ui.forms",1353185240019
started,bundle,org.eclipse.ui.ide,3.8.0.v20120521-2329,"org.eclipse.ui.ide",1353185240019
started,bundle,org.eclipse.ui.net,1.2.100.v20120522-1148,"org.eclipse.ui.net",1353185240019
started,bundle,org.eclipse.ui.trace,1.0.0.v20120523-2012,"org.eclipse.ui.trace",1353185240035
started,bundle,org.eclipse.ui.views,3.6.100.v20120521-2329,"org.eclipse.ui.views",1353185240051
started,bundle,org.eclipse.ui.views.log,1.0.300.v20120530-1435,"org.eclipse.ui.views.log",1353185240051
started,bundle,org.eclipse.ui.workbench,3.103.0.v20120530-1824,"org.eclipse.ui.workbench",1353185240066
started,bundle,org.eclipse.ui.workbench.texteditor,3.8.0.v20120523-1310,"org.eclipse.ui.workbench.texteditor",1353185240066
started,bundle,org.eclipse.update.configurator,3.3.200.v20120523-1752,"org.eclipse.update.configurator",1353185240066
started,bundle,org.eclipse.epp.mpc.ui,1.1.1.I20110907-0947,"org.eclipse.epp.mpc.ui",1353185240066
started,bundle,org.eclipse.epp.usagedata.gathering,1.3.1.R201106061540,"org.eclipse.epp.usagedata.gathering",1353185240082
started,bundle,org.eclipse.epp.usagedata.recording,1.3.1.R201106061540,"org.eclipse.epp.usagedata.recording",1353185240098
started,bundle,org.eclipse.equinox.event,1.2.100.v20110502,"org.eclipse.equinox.event",1353185240098
started,bundle,org.eclipse.update.core,3.2.500.v20110330,"org.eclipse.update.core",1353185240144
started,bundle,org.eclipse.update.scheduler,3.2.300.v20100512,"org.eclipse.update.scheduler",1353185240160
started,bundle,org.eclipse.egit.core,2.0.0.201206130900-r,"org.eclipse.egit.core",1353185240176
started,bundle,org.eclipse.egit.ui,2.0.0.201206130900-r,"org.eclipse.egit.ui",1353185240207
started,bundle,org.eclipse.jgit,2.0.0.201206130900-r,"org.eclipse.jgit",1353185240207
started,bundle,org.eclipse.m2e.logback.configuration,1.1.0.20120530-0009,"org.eclipse.m2e.logback.configuration",1353185240207
started,bundle,org.eclipse.mylyn.bugzilla.core,3.8.0.v20120612-0600,"org.eclipse.mylyn.bugzilla.core",1353185240207
started,bundle,org.eclipse.mylyn.bugzilla.ui,3.8.0.v20120612-0600,"org.eclipse.mylyn.bugzilla.ui",1353185240223
started,bundle,org.eclipse.mylyn.commons.core,3.8.0.v20120612-0600,"org.eclipse.mylyn.commons.core",1353185240238
started,bundle,org.eclipse.mylyn.commons.net,3.8.0.v20120612-0600,"org.eclipse.mylyn.commons.net",1353185240238
started,bundle,org.eclipse.mylyn.commons.notifications.core,1.0.0.v20120612-0600,"org.eclipse.mylyn.commons.notifications.core",1353185240238
started,bundle,org.eclipse.mylyn.commons.notifications.feed,1.0.0.v20120612-0600,"org.eclipse.mylyn.commons.notifications.feed",1353185240254
started,bundle,org.eclipse.mylyn.commons.notifications.ui,1.0.0.v20120612-0600,"org.eclipse.mylyn.commons.notifications.ui",1353185240269
started,bundle,org.eclipse.mylyn.commons.ui,3.8.0.v20120612-0600,"org.eclipse.mylyn.commons.ui",1353185240285
started,bundle,org.eclipse.mylyn.commons.workbench,3.8.0.v20120612-0600,"org.eclipse.mylyn.commons.workbench",1353185240285
started,bundle,org.eclipse.mylyn.context.core,3.8.0.v20120612-0600,"org.eclipse.mylyn.context.core",1353185240301
started,bundle,org.eclipse.mylyn.context.tasks.ui,3.8.0.v20120612-0600,"org.eclipse.mylyn.context.tasks.ui",1353185240301
started,bundle,org.eclipse.mylyn.monitor.ui,3.8.0.v20120612-0600,"org.eclipse.mylyn.monitor.ui",1353185240316
started,bundle,org.eclipse.mylyn.tasks.index.core,3.8.0.v20120612-0600,"org.eclipse.mylyn.tasks.index.core",1353185240332
started,bundle,org.eclipse.mylyn.tasks.ui,3.8.0.v20120612-0600,"org.eclipse.mylyn.tasks.ui",1353185240363
started,bundle,org.eclipse.mylyn.team.ui,3.8.0.v20120612-0600,"org.eclipse.mylyn.team.ui",1353185240363
started,bundle,org.eclipse.wb.discovery.core,1.5.0.r42x201206111213,"org.eclipse.wb.discovery.core",1353185240394
started,bundle,org.eclipse.wb.discovery.ui,1.5.0.r42x201206111213,"org.eclipse.wb.discovery.ui",1353185240410
started,bundle,org.eclipse.wst.sse.ui,1.3.100.v201204260100,"org.eclipse.wst.sse.ui",1353185240426
started,bundle,com.android.ide.eclipse.adt,20.0.3.v201208082019-427395,"com.android.ide.eclipse.adt",1353185240426
started,bundle,com.android.ide.eclipse.base,20.0.3.v201208082019-427395,"com.android.ide.eclipse.base",1353185240426
os,sysinfo,,,"win32",1353185240426
arch,sysinfo,,,"x86_64",1353185240426
ws,sysinfo,,,"win32",1353185240426
locale,sysinfo,,,"en_US",1353185240426
processors,sysinfo,,,"4",1353185240426
java.runtime.name,sysinfo,,,"Java(TM) SE Runtime Environment",1353185240426
java.runtime.version,sysinfo,,,"1.7.0_02-b13",1353185240426
java.specification.name,sysinfo,,,"Java Platform API Specification",1353185240426
java.specification.vendor,sysinfo,,,"Oracle Corporation",1353185240426
java.specification.version,sysinfo,,,"1.7",1353185240426
java.vendor,sysinfo,,,"Oracle Corporation",1353185240426
java.version,sysinfo,,,"1.7.0_02",1353185240426
java.vm.info,sysinfo,,,"mixed mode",1353185240426
java.vm.name,sysinfo,,,"Java HotSpot(TM) 64-Bit Server VM",1353185240426
java.vm.specification.name,sysinfo,,,"Java Virtual Machine Specification",1353185240426
java.vm.specification.vendor,sysinfo,,,"Oracle Corporation",1353185240426
java.vm.specification.version,sysinfo,,,"1.7",1353185240426
java.vm.vendor,sysinfo,,,"Oracle Corporation",1353185240426
java.vm.version,sysinfo,,,"22.0-b10",1353185240426
activated,editor,org.eclipse.jdt.ui,3.8.0.v20120524-1551,"org.eclipse.jdt.ui.CompilationUnitEditor",1353185241285
activated,workbench,org.eclipse.ui.workbench,3.103.0.v20120530-1824,"",1353185241316
executed,command,org.eclipse.ui.workbench.texteditor,3.8.0.v20120523-1310,"org.eclipse.ui.edit.text.goto.lineEnd",1353185286166
executed,command,org.eclipse.ui.workbench.texteditor,3.8.0.v20120523-1310,"org.eclipse.ui.edit.text.select.lineStart",1353185287401
executed,command,org.eclipse.ui,3.103.0.v20120521-2329,"org.eclipse.ui.edit.copy",1353185288260
executed,command,org.eclipse.ui.workbench.texteditor,3.8.0.v20120523-1310,"org.eclipse.ui.edit.text.goto.lineEnd",1353185288948
executed,command,org.eclipse.ui,3.103.0.v20120521-2329,"org.eclipse.ui.edit.paste",1353185289682
executed,command,org.eclipse.ui.workbench.texteditor,3.8.0.v20120523-1310,"org.eclipse.ui.edit.text.goto.wordNext",1353185293842
executed,command,org.eclipse.ui.workbench.texteditor,3.8.0.v20120523-1310,"org.eclipse.ui.edit.text.select.wordPrevious",1353185295751
deactivated,workbench,org.eclipse.ui.workbench,3.103.0.v20120530-1824,"",1353185296658
executed,command,org.eclipse.ui,3.103.0.v20120521-2329,"org.eclipse.ui.edit.findReplace",1353185296704
activated,workbench,org.eclipse.ui.workbench,3.103.0.v20120530-1824,"",1353185317006
executed,command,org.eclipse.ui.workbench.texteditor,3.8.0.v20120523-1310,"org.eclipse.ui.edit.text.goto.lineEnd",1353185344608
executed,command,org.eclipse.ui,3.103.0.v20120521-2329,"org.eclipse.ui.edit.copy",1353185352176
executed,command,org.eclipse.ui.workbench.texteditor,3.8.0.v20120523-1310,"org.eclipse.ui.edit.text.goto.lineEnd",1353185352457
executed,command,org.eclipse.ui,3.103.0.v20120521-2329,"org.eclipse.ui.edit.paste",1353185353561
executed,command,org.eclipse.ui.workbench.texteditor,3.8.0.v20120523-1310,"org.eclipse.ui.edit.text.goto.lineEnd",1353185358017
executed,command,org.eclipse.ui.workbench.texteditor,3.8.0.v20120523-1310,"org.eclipse.ui.edit.text.goto.lineEnd",1353185371851
executed,command,org.eclipse.ui.workbench.texteditor,3.8.0.v20120523-1310,"org.eclipse.ui.edit.text.goto.lineEnd",1353185390268
executed,command,org.eclipse.ui.workbench.texteditor,3.8.0.v20120523-1310,"org.eclipse.ui.edit.text.select.lineStart",1353185403462
executed,command,org.eclipse.ui.workbench.texteditor,3.8.0.v20120523-1310,"org.eclipse.ui.edit.text.goto.wordNext",1353185431825
executed,command,org.eclipse.ui.workbench.texteditor,3.8.0.v20120523-1310,"org.eclipse.ui.edit.text.goto.wordNext",1353185432044
executed,command,org.eclipse.ui.workbench.texteditor,3.8.0.v20120523-1310,"org.eclipse.ui.edit.text.goto.wordPrevious",1353185432528
executed,command,org.eclipse.ui.workbench.texteditor,3.8.0.v20120523-1310,"org.eclipse.ui.edit.text.select.lineEnd",1353185433138
executed,command,org.eclipse.ui,3.103.0.v20120521-2329,"org.eclipse.ui.edit.copy",1353185434997
executed,command,org.eclipse.ui,3.103.0.v20120521-2329,"org.eclipse.ui.edit.paste",1353185436747
executed,command,org.eclipse.ui.workbench.texteditor,3.8.0.v20120523-1310,"org.eclipse.ui.edit.text.goto.wordNext",1353185442784
executed,command,org.eclipse.ui.workbench.texteditor,3.8.0.v20120523-1310,"org.eclipse.ui.edit.text.goto.wordNext",1353185442940
executed,command,org.eclipse.ui.workbench.texteditor,3.8.0.v20120523-1310,"org.eclipse.ui.edit.text.goto.wordNext",1353185444441
executed,command,org.eclipse.ui.workbench.texteditor,3.8.0.v20120523-1310,"org.eclipse.ui.edit.text.goto.wordNext",1353185444645
executed,command,org.eclipse.ui.workbench.texteditor,3.8.0.v20120523-1310,"org.eclipse.ui.edit.text.goto.wordNext",1353185446207
executed,command,org.eclipse.ui.workbench.texteditor,3.8.0.v20120523-1310,"org.eclipse.ui.edit.text.goto.wordNext",1353185446410
executed,command,org.eclipse.ui.workbench.texteditor,3.8.0.v20120523-1310,"org.eclipse.ui.edit.text.goto.wordNext",1353185447913
executed,command,org.eclipse.ui.workbench.texteditor,3.8.0.v20120523-1310,"org.eclipse.ui.edit.text.goto.wordNext",1353185448101
started,bundle,org.eclipse.wb.core.lib,1.5.0.r42x201206111201,"org.eclipse.wb.core.lib",1353185451593
started,bundle,org.eclipse.wb.core,1.5.0.r42x201206111201,"org.eclipse.wb.core",1353185451750
executed,command,org.eclipse.ui,3.103.0.v20120521-2329,"org.eclipse.ui.file.save",1353185452031
started,bundle,org.eclipse.debug.ui,3.8.0.v20120530-1753,"org.eclipse.debug.ui",1353185453468
